<?xml version="1.0" encoding="UTF-8"?>
<jcr:root xmlns:sling="http://sling.apache.org/jcr/sling/1.0" xmlns:granite="http://www.adobe.com/jcr/granite/1.0" xmlns:cq="http://www.day.com/jcr/cq/1.0" xmlns:jcr="http://www.jcp.org/jcr/1.0" xmlns:nt="http://www.jcp.org/jcr/nt/1.0"
    jcr:primaryType="nt:unstructured"
    jcr:title="Category Component Dialog"
    sling:resourceType="cq/gui/components/authoring/dialog">
    <content
        jcr:primaryType="nt:unstructured"
        sling:resourceType="granite/ui/components/foundation/container">
        <layout
            jcr:primaryType="nt:unstructured"
            sling:resourceType="granite/ui/components/foundation/layouts/tabs"
            type="nav"/>
        <items jcr:primaryType="nt:unstructured">
            <tab1
                jcr:primaryType="nt:unstructured"
                jcr:title="Component Configurations"
                sling:resourceType="granite/ui/components/foundation/container">
                <layout
                    jcr:primaryType="nt:unstructured"
                    sling:resourceType="granite/ui/components/foundation/layouts/fixedcolumns"/>
                <items jcr:primaryType="nt:unstructured">
                    <columns
                        jcr:primaryType="nt:unstructured"
                        sling:resourceType="granite/ui/components/foundation/container">
                        <items jcr:primaryType="nt:unstructured">
                            <hidecontent
                                jcr:primaryType="nt:unstructured"
                                sling:resourceType="granite/ui/components/foundation/form/checkbox"
                                name="./hideContent"
                                text="Hide Content"
                                value="true"/>
                            <categoryId
                                jcr:primaryType="nt:unstructured"
                                sling:resourceType="granite/ui/components/foundation/form/select"
                                disabled="{Boolean}true"
                                fieldLabel="Category ID"
                                name="./categoryId">
                                <datasource
                                    jcr:primaryType="nt:unstructured"
                                    sling:resourceType="/apps/personalizationdemo/components/content/category/datasource/categoryid.html"/>
                            </categoryId>
                            <showSideNav
                                jcr:primaryType="nt:unstructured"
                                sling:resourceType="granite/ui/components/foundation/form/checkbox"
                                defaultChecked="{Boolean}true"
                                id="showsidenav"
                                name="./showSideNav"
                                text="Show Side Nav"
                                uncheckedValue="false"
                                value="true"/>
                            <contentSource
                                jcr:primaryType="nt:unstructured"
                                sling:resourceType="granite/ui/components/foundation/form/select"
                                class="cq-dialog-dropdown-showhide"
                                cq-dialog-dropdown-showhide-target=".automatic-manual-hide-show"
                                fieldDescription="Select the Content source"
                                fieldLabel="Content Source "
                                name="./contentSource">
                                <items jcr:primaryType="nt:unstructured">
                                    <blank
                                        jcr:primaryType="nt:unstructured"
                                        text="Select Source"/>
                                    <automatic
                                        jcr:primaryType="nt:unstructured"
                                        text="Automatic"
                                        value="automatic"/>
                                    <manual
                                        jcr:primaryType="nt:unstructured"
                                        selected="{Boolean}true"
                                        text="Manual"
                                        value="manual"/>
                                </items>
                            </contentSource>
                            <automatic
                                jcr:primaryType="nt:unstructured"
                                sling:resourceType="granite/ui/components/foundation/form/fieldset"
                                class="hide automatic-manual-hide-show"
                                showhidetargetvalue="automatic">
                                <items jcr:primaryType="nt:unstructured">
                                    <viewalllink
                                        jcr:primaryType="nt:unstructured"
                                        sling:resourceType="granite/ui/components/foundation/form/pathbrowser"
                                        class="sparkappendhtml-pathbrowser"
                                        fieldDescription="Select detail page"
                                        fieldLabel="View All Page"
                                        name="./viewAllPage"
                                        rootPath="/content/pedemo/en"/>
                                    <openNewWindow
                                        jcr:primaryType="nt:unstructured"
                                        sling:resourceType="granite/ui/components/foundation/form/checkbox"
                                        name="./viewAllOpenInNewWindow"
                                        text="Open in New Window"
                                        value="true"/>
                                </items>
                            </automatic>
                            <manual
                                jcr:primaryType="nt:unstructured"
                                sling:resourceType="granite/ui/components/foundation/form/fieldset"
                                class="hide automatic-manual-hide-show"
                                showhidetargetvalue="manual">
                                <items jcr:primaryType="nt:unstructured">
                                    <category
                                        jcr:primaryType="nt:unstructured"
                                        sling:resourceType="/apps/personalizationdemo/components/content/multifield"
                                        class="full-width"
                                        fieldDescription="Click 'Add field' button to add a new Category"
                                        fieldLabel="Category Details"
                                        maxlinksallowed="9">
                                        <field
                                            jcr:primaryType="nt:unstructured"
                                            sling:resourceType="granite/ui/components/foundation/form/fieldset"
                                            name="./categoryItems">
                                            <layout
                                                jcr:primaryType="nt:unstructured"
                                                sling:resourceType="granite/ui/components/foundation/layouts/fixedcolumns"
                                                method="absolute"/>
                                            <items jcr:primaryType="nt:unstructured">
                                                <column
                                                    jcr:primaryType="nt:unstructured"
                                                    sling:resourceType="granite/ui/components/foundation/container">
                                                    <items jcr:primaryType="nt:unstructured">
                                                        <shortname
                                                            jcr:primaryType="nt:unstructured"
                                                            sling:resourceType="granite/ui/components/foundation/form/textfield"
                                                            fieldDescription="Enter Short Name"
                                                            fieldLabel="Detail Short Name"
                                                            maxlength="{Long}30"
                                                            name="./shortname"
                                                            required="{Boolean}true"/>
                                                        <preheader
                                                            jcr:primaryType="nt:unstructured"
                                                            sling:resourceType="granite/ui/components/foundation/form/textfield"
                                                            fieldDescription="Enter Pre-Header Text"
                                                            fieldLabel="Detail Pre-Header"
                                                            maxlength="{Long}30"
                                                            name="./preheader"
                                                            required="{Boolean}true"/>
                                                        <title
                                                            jcr:primaryType="nt:unstructured"
                                                            sling:resourceType="granite/ui/components/foundation/form/textfield"
                                                            fieldDescription="Enter Title Text"
                                                            fieldLabel="Detail Title"
                                                            maxlength="{Long}30"
                                                            name="./title"
                                                            required="{Boolean}true"/>
                                                        <teaser
                                                            jcr:primaryType="nt:unstructured"
                                                            sling:resourceType="granite/ui/components/foundation/form/textarea"
                                                            fieldDescription="Enter Teaser Text"
                                                            fieldLabel="Detail Teaser"
                                                            maxlength="{Long}260"
                                                            name="./teaser"
                                                            required="{Boolean}true"/>
                                                        <sparkImage1
                                                            jcr:primaryType="nt:unstructured"
                                                            sling:resourceType="granite/ui/components/foundation/form/pathbrowser"
                                                            class="validatesparkimgone-pathbrowser"
                                                            fieldDescription="Upload an Image of size 710*720px"
                                                            fieldLabel="Image 1"
                                                            name="./sparkImage1"
                                                            required="{Boolean}true"
                                                            rootPath="/content/dam"/>
                                                        <sparkImage2
                                                            jcr:primaryType="nt:unstructured"
                                                            sling:resourceType="granite/ui/components/foundation/form/pathbrowser"
                                                            class="validatesparkimgtwo-pathbrowser"
                                                            fieldDescription="Upload an Image of size 1400*450px"
                                                            fieldLabel="Image 2"
                                                            name="./sparkImage2"
                                                            required="{Boolean}true"
                                                            rootPath="/content/dam"/>
                                                        <cta
                                                            granite:class="cq-dialog-dropdown-showhide-multi-cta"
                                                            jcr:primaryType="nt:unstructured"
                                                            sling:resourceType="granite/ui/components/coral/foundation/form/select"
                                                            fieldLabel="CTA"
                                                            name="./includeCTA">
                                                            <granite:data
                                                                jcr:primaryType="nt:unstructured"
                                                                cq-dialog-dropdown-showhide-target=".cta-hide-show"/>
                                                            <items jcr:primaryType="nt:unstructured">
                                                                <excludecta
                                                                    jcr:primaryType="nt:unstructured"
                                                                    text="Exclude CTA"
                                                                    value="exclude"/>
                                                                <includecta
                                                                    jcr:primaryType="nt:unstructured"
                                                                    text="Include CTA"
                                                                    value="include"/>
                                                            </items>
                                                        </cta>
                                                        <include
                                                            jcr:primaryType="nt:unstructured"
                                                            sling:resourceType="granite/ui/components/foundation/form/fieldset"
                                                            showhidetargetvalue="exclude">
                                                            <items jcr:primaryType="nt:unstructured">
                                                                <type
                                                                    granite:class="cq-dialog-dropdown-showhide-multi"
                                                                    jcr:primaryType="nt:unstructured"
                                                                    sling:resourceType="granite/ui/components/coral/foundation/form/select"
                                                                    class="cta-hide-show"
                                                                    fieldLabel="CTA Source"
                                                                    name="./type">
                                                                    <granite:data
                                                                        jcr:primaryType="nt:unstructured"
                                                                        cq-dialog-dropdown-showhide-target=".text-image-hide-show"/>
                                                                    <items jcr:primaryType="nt:unstructured">
                                                                        <static
                                                                            jcr:primaryType="nt:unstructured"
                                                                            text="Static"
                                                                            value="static"/>
                                                                        <dynamic
                                                                            jcr:primaryType="nt:unstructured"
                                                                            text="Dynamic"
                                                                            value="dynamic"/>
                                                                    </items>
                                                                </type>
                                                                <buttonLabel
                                                                    jcr:primaryType="nt:unstructured"
                                                                    sling:resourceType="granite/ui/components/foundation/form/textfield"
                                                                    class="cta-hide-show"
                                                                    fieldDescription="Enter Button Label Text"
                                                                    fieldLabel="Button Label"
                                                                    maxlength="{Long}20"
                                                                    name="./buttonLabel"
                                                                    showhidetargetvalue="dynamic"
                                                                    useFixedInlineToolbar="{Boolean}true"/>
                                                                <ctaUrl
                                                                    jcr:primaryType="nt:unstructured"
                                                                    sling:resourceType="granite/ui/components/foundation/form/pathbrowser"
                                                                    class="sparkappendhtml-pathbrowser text-image-hide-show cta-hide-show"
                                                                    fieldDescription="Configure an URL"
                                                                    fieldLabel="CTA URL"
                                                                    name="./ctaUrl"
                                                                    removeSingleParagraphContainer="{Boolean}true"
                                                                    rootPath="/content/pedemo"
                                                                    showhidetargetvalue="dynamic"
                                                                    useFixedInlineToolbar="{Boolean}true"/>
                                                                <fieldType
                                                                    jcr:primaryType="nt:unstructured"
                                                                    sling:resourceType="granite/ui/components/foundation/form/select"
                                                                    class="text-image-hide-show cta-hide-show"
                                                                    fieldDescription="Provide dropdown Field Type"
                                                                    fieldLabel="Dynamic Category"
                                                                    name="./fieldTypeCat"
                                                                    showhidetargetvalue="static"
                                                                    useFixedInlineToolbar="{Boolean}true">
                                                                    <datasource
                                                                        jcr:primaryType="nt:unstructured"
                                                                        sling:resourceType="/apps/personalizationdemo/components/content/feature/datasource/fieldtype.html"/>
                                                                </fieldType>
                                                                <fieldValue
                                                                    jcr:primaryType="nt:unstructured"
                                                                    sling:resourceType="granite/ui/components/foundation/form/select"
                                                                    class="text-image-hide-show cta-hide-show"
                                                                    fieldDescription="Provide dropdown Field Value"
                                                                    fieldLabel="Dynamic Field Type"
                                                                    name="./fieldValueCat"
                                                                    showhidetargetvalue="static"
                                                                    useFixedInlineToolbar="{Boolean}true"/>
                                                                <openNewWindow
                                                                    jcr:primaryType="nt:unstructured"
                                                                    sling:resourceType="granite/ui/components/foundation/form/checkbox"
                                                                    class="cta-hide-show"
                                                                    name="./openInNewWindow"
                                                                    text="Open in New Window"
                                                                    value="true"/>
                                                            </items>
                                                        </include>
                                                    </items>
                                                </column>
                                            </items>
                                        </field>
                                    </category>
                                </items>
                            </manual>
                        </items>
                    </columns>
                </items>
            </tab1>
        </items>
    </content>
</jcr:root>
