<?xml version="1.0" encoding="UTF-8"?>
<jcr:root xmlns:cq="http://www.day.com/jcr/cq/1.0" xmlns:jcr="http://www.jcp.org/jcr/1.0" xmlns:nt="http://www.jcp.org/jcr/nt/1.0"
    jcr:primaryType="cq:Dialog"
    height="{Long}500"
    title="Site Footer Config"
    width="{Long}650"
    xtype="dialog">
    <items jcr:primaryType="cq:TabPanel">
        <items jcr:primaryType="cq:WidgetCollection">
            <tab1
                jcr:primaryType="cq:Panel"
                title="Site Footer Items">
                <items jcr:primaryType="cq:WidgetCollection">
                    <copyrightText
                        jcr:primaryType="cq:Widget"
                        fieldDescription="Don't add the © symbol in front of the copyright text, it's already included."
                        fieldLabel="Copyright Text"
                        name="./copyrightText"
                        xtype="textfield"/>
                    <footerItems
                        jcr:primaryType="cq:Widget"
                        fieldDescription="Please provide Link Text (field 1), link option (field 2) (Enter N for New Window, S for Same Window), Page Path (field 3) for each footer link you wish to display.  All fields are required and no duplicate link text is allowed within this component."
                        fieldLabel="Footer Items"
                        maxItems="{Long}20"
                        name="./footerItems"
                        orderable="{Boolean}true"
                        uniqueIDMessage="Duplicate Link Text - Please assign a unique link text for each link."
                        uniqueIDs="{Boolean}true"
                        xtype="threecolumnmultifield">
                        <fieldConfig_0
                            jcr:primaryType="nt:unstructured"
                            allowBlank="{Boolean}false"
                            emptyText="Link Text"
                            xtype="textfield"/>
                        <fieldConfig_1
                            jcr:primaryType="nt:unstructured"
                            allowBlank="{Boolean}false"
                            emptyText="Link Option (N|S)"
                            xtype="textfield"/>
                        <fieldConfig_2
                            jcr:primaryType="nt:unstructured"
                            allowBlank="{Boolean}false"
                            emptyText="Page Path"
                            xtype="pathfield"/>
                    </footerItems>
                </items>
            </tab1>
        </items>
    </items>
</jcr:root>
