<?xml version="1.0" encoding="UTF-8"?>
<jcr:root xmlns:sling="http://sling.apache.org/jcr/sling/1.0" xmlns:granite="http://www.adobe.com/jcr/granite/1.0" xmlns:cq="http://www.day.com/jcr/cq/1.0" xmlns:jcr="http://www.jcp.org/jcr/1.0" xmlns:nt="http://www.jcp.org/jcr/nt/1.0"
    jcr:primaryType="nt:unstructured"
    jcr:title="Feature Dialog"
    sling:resourceType="cq/gui/components/authoring/dialog">
    <content
        granite:class="dialog-overflow"
        jcr:primaryType="nt:unstructured"
        sling:resourceType="granite/ui/components/foundation/container"
        id="dialog-overflow">
        <items jcr:primaryType="nt:unstructured">
            <column
                jcr:primaryType="nt:unstructured"
                sling:resourceType="granite/ui/components/coral/foundation/container">
                <items jcr:primaryType="nt:unstructured">
                    <featureType
                        jcr:primaryType="nt:unstructured"
                        sling:resourceType="granite/ui/components/foundation/form/select"
                        class="cq-dialog-dropdown-showhide"
                        cq-dialog-dropdown-showhide-target=".static-dynamic-hide-show"
                        fieldLabel="Feature Type"
                        name="./featureType">
                        <items jcr:primaryType="nt:unstructured">
                            <static
                                jcr:primaryType="nt:unstructured"
                                selected="{Boolean}true"
                                text="Static"
                                value="static"/>
                            <dynamic
                                jcr:primaryType="nt:unstructured"
                                text="Dynamic"
                                value="dynamic"/>
                        </items>
                    </featureType>
                    <setStatic
                        jcr:primaryType="nt:unstructured"
                        sling:resourceType="granite/ui/components/foundation/form/fieldset"
                        class="hide static-dynamic-hide-show"
                        showhidetargetvalue="static">
                        <items jcr:primaryType="nt:unstructured">
                            <tabs
                                jcr:primaryType="nt:unstructured"
                                sling:resourceType="granite/ui/components/coral/foundation/tabs"
                                maximized="{Boolean}true">
                                <items jcr:primaryType="nt:unstructured">
                                    <listSettings
                                        jcr:primaryType="nt:unstructured"
                                        jcr:title="STATIC FEATURE "
                                        sling:resourceType="granite/ui/components/coral/foundation/fixedcolumns"
                                        margin="{Boolean}true">
                                        <items jcr:primaryType="nt:unstructured">
                                            <column
                                                jcr:primaryType="nt:unstructured"
                                                sling:resourceType="granite/ui/components/coral/foundation/container">
                                                <items jcr:primaryType="nt:unstructured">
                                                    <hidecontent
                                                        jcr:primaryType="nt:unstructured"
                                                        sling:resourceType="granite/ui/components/foundation/form/checkbox"
                                                        name="./hideContent"
                                                        text="Hide Content"
                                                        value="true"/>
                                                    <imagePlacement
                                                        jcr:primaryType="nt:unstructured"
                                                        sling:resourceType="granite/ui/components/foundation/form/select"
                                                        class="cq-dialog-dropdown-showhide"
                                                        cq-dialog-dropdown-showhide-target=".fullimage-leftright-hide-show"
                                                        fieldLabel="Image Placement"
                                                        name="./imagePlacement">
                                                        <items jcr:primaryType="nt:unstructured">
                                                            <full
                                                                jcr:primaryType="nt:unstructured"
                                                                id="full"
                                                                text="Full Background"
                                                                value="1400 - 600 - background"/>
                                                            <left
                                                                jcr:primaryType="nt:unstructured"
                                                                id="left"
                                                                text="Left Image"
                                                                value="446 - 440 - left"/>
                                                            <right
                                                                jcr:primaryType="nt:unstructured"
                                                                id="right"
                                                                text="Right Image"
                                                                value="446 - 440 - right"/>
                                                        </items>
                                                    </imagePlacement>
                                                    <sparkImage
                                                        jcr:primaryType="nt:unstructured"
                                                        sling:resourceType="granite/ui/components/foundation/form/pathbrowser"
                                                        fieldDescription="Upload an Image of size 1400*600px if full background, size 446*440px if left/right"
                                                        fieldLabel="Large Image"
                                                        name="./sparkImage"
                                                        rootPath="/content/dam"
                                                        validation="selectImage.validation"/>
                                                    <preHeaderCon
                                                        jcr:primaryType="nt:unstructured"
                                                        sling:resourceType="granite/ui/components/foundation/container"
                                                        class="hide fullimage-leftright-hide-show"
                                                        showhidetargetvalue="1400 - 600 - background">
                                                        <items jcr:primaryType="nt:unstructured">
                                                            <sparkMobileImage
                                                                jcr:primaryType="nt:unstructured"
                                                                sling:resourceType="granite/ui/components/foundation/form/pathbrowser"
                                                                fieldDescription="Provide the Mobile Image"
                                                                fieldLabel="Small Image"
                                                                name="./sparkMobImage"
                                                                rootPath="/content/dam"/>
                                                            <preHeader
                                                                jcr:primaryType="nt:unstructured"
                                                                sling:resourceType="granite/ui/components/foundation/form/textfield"
                                                                class="hide fullimage-leftright-hide-show"
                                                                fieldDescription="Enter Pre-Header Text"
                                                                fieldLabel="Pre-Header"
                                                                maxlength="{Long}59"
                                                                name="./preHeader"
                                                                showhidetargetvalue="1400 - 600 - background"/>
                                                        </items>
                                                    </preHeaderCon>
                                                    <header
                                                        jcr:primaryType="nt:unstructured"
                                                        sling:resourceType="granite/ui/components/foundation/form/textfield"
                                                        class="featureheader"
                                                        fieldDescription="Enter Header Text"
                                                        fieldLabel="Header"
                                                        maxlength="{Long}100"
                                                        name="./header"
                                                        validation="header.validation"/>
                                                    <teaser
                                                        jcr:primaryType="nt:unstructured"
                                                        sling:resourceType="granite/ui/components/foundation/form/textarea"
                                                        fieldDescription="Enter Teaser Text"
                                                        fieldLabel="Teaser Text"
                                                        maxlength="{Long}260"
                                                        name="./teaser"/>
                                                    <checkBoxField
                                                        jcr:primaryType="nt:unstructured"
                                                        sling:resourceType="granite/ui/components/foundation/form/checkbox"
                                                        fieldDescription="Please select checkbox if you want static/ dynamic field"
                                                        id="ctaButtonRequired"
                                                        name="./ctaButtonRequired"
                                                        text="Include CTA"
                                                        value="true"/>
                                                    <column
                                                        jcr:primaryType="nt:unstructured"
                                                        sling:resourceType="granite/ui/components/foundation/container"
                                                        class="ctaButtonsGroup">
                                                        <items jcr:primaryType="nt:unstructured">
                                                            <radioGroup
                                                                jcr:primaryType="nt:unstructured"
                                                                sling:resourceType="granite/ui/components/foundation/form/radiogroup"
                                                                fieldLabel="CTA Source"
                                                                name="./type"
                                                                text="CTA Source"
                                                                validation="radiogroup1.validation">
                                                                <items jcr:primaryType="nt:unstructured">
                                                                    <internal
                                                                        jcr:primaryType="nt:unstructured"
                                                                        sling:resourceType="granite/ui/components/foundation/form/radio"
                                                                        checked="{Boolean}true"
                                                                        cq-msm-lockable="ctaButton"
                                                                        id="internal"
                                                                        name="./buttonCTA"
                                                                        renderReadOnly="{Boolean}true"
                                                                        text="Static"
                                                                        value="static"/>
                                                                    <external
                                                                        jcr:primaryType="nt:unstructured"
                                                                        sling:resourceType="granite/ui/components/foundation/form/radio"
                                                                        cq-msm-lockable="ctaButton"
                                                                        id="external"
                                                                        name="./buttonCTA"
                                                                        renderReadOnly="{Boolean}true"
                                                                        text="Dynamic"
                                                                        value="dynamic"/>
                                                                </items>
                                                            </radioGroup>
                                                            <buttonLabel
                                                                jcr:primaryType="nt:unstructured"
                                                                sling:resourceType="granite/ui/components/foundation/form/textfield"
                                                                emptyText="Enter Label"
                                                                fieldDescription="Enter Button Label Text"
                                                                fieldLabel="Button Label"
                                                                id="buttonlabel"
                                                                maxlength="{Long}20"
                                                                name="./textCTA"
                                                                validation="btncta1.validation"/>
                                                            <ctaUrl
                                                                jcr:primaryType="nt:unstructured"
                                                                sling:resourceType="granite/ui/components/foundation/form/pathbrowser"
                                                                class="sparkappendhtml-pathbrowser"
                                                                emptyText="http://"
                                                                fieldDescription="Configure an URL"
                                                                fieldLabel="CTA URL"
                                                                id="ctaurl"
                                                                name="./urlCTA"
                                                                rootPath="/content"
                                                                validation="urlcta1.validation"/>
                                                            <fieldType
                                                                jcr:primaryType="nt:unstructured"
                                                                sling:resourceType="granite/ui/components/foundation/form/select"
                                                                fieldDescription="Provide dropdown Field Type"
                                                                fieldLabel="Dynamic Category"
                                                                id="fieldtype"
                                                                name="./fieldType"
                                                                validation="dropdownField1.validation"/>
                                                            <fieldValue
                                                                jcr:primaryType="nt:unstructured"
                                                                sling:resourceType="granite/ui/components/foundation/form/select"
                                                                fieldDescription="Provide dropdown Field Value"
                                                                fieldLabel="Dynamic Field Type"
                                                                id="fieldvalue"
                                                                name="./fieldValue"/>
                                                            <openInNewWindow
                                                                jcr:primaryType="nt:unstructured"
                                                                sling:resourceType="granite/ui/components/foundation/form/checkbox"
                                                                fieldLabel="Open In New Window"
                                                                id="newwindow"
                                                                name="./openInNewWindow"
                                                                text="Open In New Window"
                                                                value="true"/>
                                                        </items>
                                                    </column>
                                                </items>
                                            </column>
                                        </items>
                                    </listSettings>
                                </items>
                            </tabs>
                        </items>
                    </setStatic>
                    <setDynamic
                        jcr:primaryType="nt:unstructured"
                        sling:resourceType="granite/ui/components/foundation/form/fieldset"
                        class="hide static-dynamic-hide-show"
                        showhidetargetvalue="dynamic">
                        <items jcr:primaryType="nt:unstructured">
                            <pagefieldType
                                jcr:primaryType="nt:unstructured"
                                sling:resourceType="granite/ui/components/foundation/form/select"
                                fieldDescription="Provide dropdown Field Type"
                                fieldLabel="Dynamic Category"
                                id="pagefieldtype"
                                name="./pagefieldType"
                                validation="pagefieldtype.validation">
                                <datasource
                                    jcr:primaryType="nt:unstructured"
                                    sling:resourceType="/apps/personalizationdemo/components/structure/onecolumn/datasource/generalFieldtype.html"/>
                            </pagefieldType>
                            <pagefieldValue
                                jcr:primaryType="nt:unstructured"
                                sling:resourceType="granite/ui/components/foundation/form/select"
                                fieldDescription="Provide dropdown Field Value"
                                fieldLabel="Dynamic Field Type"
                                id="pagefieldvalue"
                                name="./pagefieldValue"/>
                            <column
                                jcr:primaryType="nt:unstructured"
                                sling:resourceType="granite/ui/components/foundation/container">
                                <items jcr:primaryType="nt:unstructured">
                                    <tabs
                                        jcr:primaryType="nt:unstructured"
                                        sling:resourceType="granite/ui/components/coral/foundation/tabs"
                                        maximized="{Boolean}true">
                                        <items jcr:primaryType="nt:unstructured">
                                            <dynCondMet
                                                jcr:primaryType="nt:unstructured"
                                                jcr:title="DYNAMIC FEATURE (Condition met)"
                                                sling:resourceType="granite/ui/components/coral/foundation/fixedcolumns"
                                                class="conditionMet"
                                                id="conditionMet"
                                                margin="{Boolean}true">
                                                <items jcr:primaryType="nt:unstructured">
                                                    <column
                                                        jcr:primaryType="nt:unstructured"
                                                        sling:resourceType="granite/ui/components/coral/foundation/container">
                                                        <items jcr:primaryType="nt:unstructured">
                                                            <hidecontent
                                                                jcr:primaryType="nt:unstructured"
                                                                sling:resourceType="granite/ui/components/foundation/form/checkbox"
                                                                name="./hideContentMet"
                                                                text="Hide Content"
                                                                value="true"/>
                                                            <imagePlacementMet
                                                                jcr:primaryType="nt:unstructured"
                                                                sling:resourceType="granite/ui/components/foundation/form/select"
                                                                class="cq-dialog-dropdown-showhide"
                                                                cq-dialog-dropdown-showhide-target=".fullimage-leftright-hide-show-met"
                                                                fieldLabel="Image Placement"
                                                                name="./imagePlacementMet">
                                                                <items jcr:primaryType="nt:unstructured">
                                                                    <full
                                                                        jcr:primaryType="nt:unstructured"
                                                                        id="full"
                                                                        text="Full Background"
                                                                        value="1400 - 600 - background"/>
                                                                    <left
                                                                        jcr:primaryType="nt:unstructured"
                                                                        id="left"
                                                                        text="Left Image"
                                                                        value="446 - 440 - left"/>
                                                                    <right
                                                                        jcr:primaryType="nt:unstructured"
                                                                        id="right"
                                                                        text="Right Image"
                                                                        value="446 - 440 - right"/>
                                                                </items>
                                                            </imagePlacementMet>
                                                            <sparkImage
                                                                jcr:primaryType="nt:unstructured"
                                                                sling:resourceType="granite/ui/components/foundation/form/pathbrowser"
                                                                fieldDescription="Upload an Image of size 1400*600px if full background, size 446*440px if left/right"
                                                                fieldLabel="Large Image"
                                                                name="./sparkImageMet"
                                                                rootPath="/content/dam"
                                                                validation="selectImageMet.validation"/>
                                                            <preHeader
                                                                jcr:primaryType="nt:unstructured"
                                                                sling:resourceType="granite/ui/components/foundation/container"
                                                                class="hide fullimage-leftright-hide-show-met"
                                                                showhidetargetvalue="1400 - 600 - background">
                                                                <items jcr:primaryType="nt:unstructured">
                                                                    <sparkMobileImage
                                                                        jcr:primaryType="nt:unstructured"
                                                                        sling:resourceType="granite/ui/components/foundation/form/pathbrowser"
                                                                        fieldDescription="Provide the Mobile Image"
                                                                        fieldLabel="Small Image"
                                                                        name="./sparkMobImageMet"
                                                                        rootPath="/content/dam"/>
                                                                    <preHeader
                                                                        jcr:primaryType="nt:unstructured"
                                                                        sling:resourceType="granite/ui/components/foundation/form/textfield"
                                                                        class="hide fullimage-leftright-hide-show"
                                                                        fieldDescription="Enter Pre-Header Text"
                                                                        fieldLabel="Pre-Header"
                                                                        maxlength="{Long}59"
                                                                        name="./preHeaderMet"
                                                                        showhidetargetvalue="1400 - 600 - background"/>
                                                                </items>
                                                            </preHeader>
                                                            <header
                                                                jcr:primaryType="nt:unstructured"
                                                                sling:resourceType="granite/ui/components/foundation/form/textfield"
                                                                class="featureheader"
                                                                fieldDescription="Enter Header Text"
                                                                fieldLabel="Header"
                                                                maxlength="{Long}100"
                                                                name="./headerMet"
                                                                validation="headerMet.validation"/>
                                                            <teaser
                                                                jcr:primaryType="nt:unstructured"
                                                                sling:resourceType="granite/ui/components/foundation/form/textarea"
                                                                fieldDescription="Enter Teaser Text"
                                                                fieldLabel="Teaser Text"
                                                                maxlength="{Long}260"
                                                                name="./teaserMet"/>
                                                            <checkBoxField
                                                                jcr:primaryType="nt:unstructured"
                                                                sling:resourceType="granite/ui/components/foundation/form/checkbox"
                                                                fieldDescription="Please select checkbox if you want static/ dynamic field"
                                                                id="ctaButtonRequiredMet"
                                                                name="./ctaButtonRequiredMet"
                                                                text="Include CTA"
                                                                value="true"/>
                                                            <column
                                                                jcr:primaryType="nt:unstructured"
                                                                sling:resourceType="granite/ui/components/foundation/container"
                                                                class="ctaButtonsGroupMet">
                                                                <items jcr:primaryType="nt:unstructured">
                                                                    <radioGroup
                                                                        jcr:primaryType="nt:unstructured"
                                                                        sling:resourceType="granite/ui/components/foundation/form/radiogroup"
                                                                        fieldLabel="CTA Source"
                                                                        name="./typeMet"
                                                                        text="CTA Source"
                                                                        validation="radiogroupMet.validation">
                                                                        <items jcr:primaryType="nt:unstructured">
                                                                            <internal
                                                                                jcr:primaryType="nt:unstructured"
                                                                                sling:resourceType="granite/ui/components/foundation/form/radio"
                                                                                checked="{Boolean}true"
                                                                                cq-msm-lockable="ctaButton"
                                                                                id="internalMet"
                                                                                name="./buttonCTAMet"
                                                                                renderReadOnly="{Boolean}true"
                                                                                text="Static"
                                                                                value="static"/>
                                                                            <external
                                                                                jcr:primaryType="nt:unstructured"
                                                                                sling:resourceType="granite/ui/components/foundation/form/radio"
                                                                                cq-msm-lockable="ctaButton"
                                                                                id="externalMet"
                                                                                name="./buttonCTAMet"
                                                                                renderReadOnly="{Boolean}true"
                                                                                text="Dynamic"
                                                                                value="dynamic"/>
                                                                        </items>
                                                                    </radioGroup>
                                                                    <buttonLabel
                                                                        jcr:primaryType="nt:unstructured"
                                                                        sling:resourceType="granite/ui/components/foundation/form/textfield"
                                                                        emptyText="Enter Label"
                                                                        fieldDescription="Enter Button Label Text"
                                                                        fieldLabel="Button Label"
                                                                        id="buttonlabelMet"
                                                                        maxlength="{Long}20"
                                                                        name="./textCTAMet"
                                                                        validation="btnctaMet.validation"/>
                                                                    <ctaUrl
                                                                        jcr:primaryType="nt:unstructured"
                                                                        sling:resourceType="granite/ui/components/foundation/form/pathbrowser"
                                                                        class="sparkappendhtml-pathbrowser"
                                                                        emptyText="http://"
                                                                        fieldDescription="Configure an URL"
                                                                        fieldLabel="CTA URL"
                                                                        id="ctaurlMet"
                                                                        name="./urlCTAMet"
                                                                        rootPath="/content/pedemo/en"
                                                                        validation="urlctaMet.validation"/>
                                                                    <fieldType
                                                                        jcr:primaryType="nt:unstructured"
                                                                        sling:resourceType="granite/ui/components/foundation/form/select"
                                                                        fieldDescription="Provide dropdown Field Type"
                                                                        fieldLabel="Dynamic Category"
                                                                        id="fieldtypeMet"
                                                                        name="./fieldTypeMet"
                                                                        validation="dropdownFieldMet.validation">
                                                                        <datasource
                                                                            jcr:primaryType="nt:unstructured"
                                                                            sling:resourceType="/apps/personalizationdemo/components/content/feature/datasource/fieldtype.html"/>
                                                                    </fieldType>
                                                                    <fieldValue
                                                                        jcr:primaryType="nt:unstructured"
                                                                        sling:resourceType="granite/ui/components/foundation/form/select"
                                                                        fieldDescription="Provide dropdown Field Value"
                                                                        fieldLabel="Dynamic Field Type"
                                                                        id="fieldvalueMet"
                                                                        name="./fieldValueMet"/>
                                                                    <openInNewWindow
                                                                        jcr:primaryType="nt:unstructured"
                                                                        sling:resourceType="granite/ui/components/foundation/form/checkbox"
                                                                        fieldLabel="Open In New Window"
                                                                        id="newwindowMet"
                                                                        name="./openInNewWindowMet"
                                                                        text="Open In New Window"
                                                                        value="true"/>
                                                                </items>
                                                            </column>
                                                        </items>
                                                    </column>
                                                </items>
                                            </dynCondMet>
                                            <dynCondNotMet
                                                jcr:primaryType="nt:unstructured"
                                                jcr:title="DYNAMIC FEATURE (Condition not met)"
                                                sling:resourceType="granite/ui/components/coral/foundation/fixedcolumns"
                                                class="conditionNotMet"
                                                id="conditionNotMet"
                                                margin="{Boolean}true">
                                                <items jcr:primaryType="nt:unstructured">
                                                    <column
                                                        jcr:primaryType="nt:unstructured"
                                                        sling:resourceType="granite/ui/components/coral/foundation/container">
                                                        <items jcr:primaryType="nt:unstructured">
                                                            <hidecontent
                                                                jcr:primaryType="nt:unstructured"
                                                                sling:resourceType="granite/ui/components/foundation/form/checkbox"
                                                                name="./hideContentNotMet"
                                                                text="Hide Content"
                                                                value="true"/>
                                                            <imagePlacementNotMet
                                                                jcr:primaryType="nt:unstructured"
                                                                sling:resourceType="granite/ui/components/foundation/form/select"
                                                                class="cq-dialog-dropdown-showhide"
                                                                cq-dialog-dropdown-showhide-target=".fullimage-leftright-hide-show-notmet"
                                                                fieldLabel="Image Placement"
                                                                name="./imagePlacementNotMet">
                                                                <items jcr:primaryType="nt:unstructured">
                                                                    <full
                                                                        jcr:primaryType="nt:unstructured"
                                                                        id="full"
                                                                        text="Full Background"
                                                                        value="1400 - 600 - background"/>
                                                                    <left
                                                                        jcr:primaryType="nt:unstructured"
                                                                        id="left"
                                                                        text="Left Image"
                                                                        value="446 - 440 - left"/>
                                                                    <right
                                                                        jcr:primaryType="nt:unstructured"
                                                                        id="right"
                                                                        text="Right Image"
                                                                        value="446 - 440 - right"/>
                                                                </items>
                                                            </imagePlacementNotMet>
                                                            <sparkImage
                                                                jcr:primaryType="nt:unstructured"
                                                                sling:resourceType="granite/ui/components/foundation/form/pathbrowser"
                                                                fieldDescription="Upload an Image of size 1400*600px if full background, size 446*440px if left/right"
                                                                fieldLabel="Large Image"
                                                                name="./sparkImageNotMet"
                                                                rootPath="/content/dam"
                                                                validation="selectImageNotMet.validation"/>
                                                            <preHeader
                                                                jcr:primaryType="nt:unstructured"
                                                                sling:resourceType="granite/ui/components/foundation/container"
                                                                class="hide fullimage-leftright-hide-show-notmet"
                                                                showhidetargetvalue="1400 - 600 - background">
                                                                <items jcr:primaryType="nt:unstructured">
                                                                    <sparkMobileImage
                                                                        jcr:primaryType="nt:unstructured"
                                                                        sling:resourceType="granite/ui/components/foundation/form/pathbrowser"
                                                                        fieldDescription="Provide the Mobile Image"
                                                                        fieldLabel="Small Image"
                                                                        name="./sparkMobImageNotMet"
                                                                        rootPath="/content/dam"/>
                                                                    <preHeader
                                                                        jcr:primaryType="nt:unstructured"
                                                                        sling:resourceType="granite/ui/components/foundation/form/textfield"
                                                                        class="hide fullimage-leftright-hide-show"
                                                                        fieldDescription="Enter Pre-Header Text"
                                                                        fieldLabel="Pre-Header"
                                                                        maxlength="{Long}59"
                                                                        name="./preHeaderNotMet"
                                                                        showhidetargetvalue="1400 - 600 - background"/>
                                                                </items>
                                                            </preHeader>
                                                            <header
                                                                jcr:primaryType="nt:unstructured"
                                                                sling:resourceType="granite/ui/components/foundation/form/textfield"
                                                                class="featureheader"
                                                                fieldDescription="Enter Header Text"
                                                                fieldLabel="Header"
                                                                maxlength="{Long}100"
                                                                name="./headerNotMet"
                                                                validation="headerNotMet.validation"/>
                                                            <teaser
                                                                jcr:primaryType="nt:unstructured"
                                                                sling:resourceType="granite/ui/components/foundation/form/textarea"
                                                                fieldDescription="Enter Teaser Text"
                                                                fieldLabel="Teaser Text"
                                                                maxlength="{Long}260"
                                                                name="./teaserNotMet"/>
                                                            <checkBoxField
                                                                jcr:primaryType="nt:unstructured"
                                                                sling:resourceType="granite/ui/components/foundation/form/checkbox"
                                                                fieldDescription="Please select checkbox if you want static/ dynamic field"
                                                                id="ctaButtonRequiredNotMet"
                                                                name="./ctaButtonRequiredNotMet"
                                                                text="Include CTA"
                                                                value="true"/>
                                                            <column
                                                                jcr:primaryType="nt:unstructured"
                                                                sling:resourceType="granite/ui/components/foundation/container"
                                                                class="ctaButtonsGroupNotMet">
                                                                <items jcr:primaryType="nt:unstructured">
                                                                    <radioGroup
                                                                        jcr:primaryType="nt:unstructured"
                                                                        sling:resourceType="granite/ui/components/foundation/form/radiogroup"
                                                                        fieldLabel="CTA Source"
                                                                        name="./typeNotMet"
                                                                        text="CTA Source"
                                                                        validation="radiogroupNotMet.validation">
                                                                        <items jcr:primaryType="nt:unstructured">
                                                                            <internal
                                                                                jcr:primaryType="nt:unstructured"
                                                                                sling:resourceType="granite/ui/components/foundation/form/radio"
                                                                                checked="{Boolean}true"
                                                                                cq-msm-lockable="ctaButton"
                                                                                id="internalNotMet"
                                                                                name="./buttonCTANotMet"
                                                                                renderReadOnly="{Boolean}true"
                                                                                text="Static"
                                                                                value="static"/>
                                                                            <external
                                                                                jcr:primaryType="nt:unstructured"
                                                                                sling:resourceType="granite/ui/components/foundation/form/radio"
                                                                                cq-msm-lockable="ctaButton"
                                                                                id="externalNotMet"
                                                                                name="./buttonCTANotMet"
                                                                                renderReadOnly="{Boolean}true"
                                                                                text="Dynamic"
                                                                                value="dynamic"/>
                                                                        </items>
                                                                    </radioGroup>
                                                                    <buttonLabel
                                                                        jcr:primaryType="nt:unstructured"
                                                                        sling:resourceType="granite/ui/components/foundation/form/textfield"
                                                                        emptyText="Enter Label"
                                                                        fieldDescription="Enter Button Label Text"
                                                                        fieldLabel="Button Label"
                                                                        id="buttonlabelNotMet"
                                                                        maxlength="{Long}20"
                                                                        name="./textCTANotMet"
                                                                        validation="btnctaNotMet.validation"/>
                                                                    <ctaUrl
                                                                        jcr:primaryType="nt:unstructured"
                                                                        sling:resourceType="granite/ui/components/foundation/form/pathbrowser"
                                                                        class="sparkappendhtml-pathbrowser"
                                                                        emptyText="http://"
                                                                        fieldDescription="Configure an URL"
                                                                        fieldLabel="CTA URL"
                                                                        id="ctaurlNotMet"
                                                                        name="./urlCTANotMet"
                                                                        rootPath="/content/pedemo/en"
                                                                        validation="urlctaNotMet.validation"/>
                                                                    <fieldType
                                                                        jcr:primaryType="nt:unstructured"
                                                                        sling:resourceType="granite/ui/components/foundation/form/select"
                                                                        fieldDescription="Provide dropdown Field Type"
                                                                        fieldLabel="Dynamic Category"
                                                                        id="fieldtypeNotMet"
                                                                        name="./fieldTypeNotMet"
                                                                        validation="dropdownFieldNotMet.validation">
                                                                        <datasource
                                                                            jcr:primaryType="nt:unstructured"
                                                                            sling:resourceType="/apps/personalizationdemo/components/content/feature/datasource/fieldtype.html"/>
                                                                    </fieldType>
                                                                    <fieldValue
                                                                        jcr:primaryType="nt:unstructured"
                                                                        sling:resourceType="granite/ui/components/foundation/form/select"
                                                                        fieldDescription="Provide dropdown Field Value"
                                                                        fieldLabel="Dynamic Field Type"
                                                                        id="fieldvalueNotMet"
                                                                        name="./fieldValueNotMet"/>
                                                                    <openInNewWindow
                                                                        jcr:primaryType="nt:unstructured"
                                                                        sling:resourceType="granite/ui/components/foundation/form/checkbox"
                                                                        fieldLabel="Open In New Window"
                                                                        id="newwindowNotMet"
                                                                        name="./openInNewWindowNotMet"
                                                                        text="Open In New Window"
                                                                        value="true"/>
                                                                </items>
                                                            </column>
                                                        </items>
                                                    </column>
                                                </items>
                                            </dynCondNotMet>
                                        </items>
                                    </tabs>
                                </items>
                            </column>
                        </items>
                    </setDynamic>
                </items>
            </column>
        </items>
    </content>
</jcr:root>
