<?xml version="1.0" encoding="UTF-8"?>
<jcr:root xmlns:sling="http://sling.apache.org/jcr/sling/1.0" xmlns:cq="http://www.day.com/jcr/cq/1.0" xmlns:jcr="http://www.jcp.org/jcr/1.0" xmlns:nt="http://www.jcp.org/jcr/nt/1.0"
    jcr:primaryType="nt:unstructured"
    jcr:title="Column Control Dialog"
    sling:resourceType="cq/gui/components/authoring/dialog">
    <content
        jcr:primaryType="nt:unstructured"
        sling:resourceType="granite/ui/components/foundation/container">
        <layout
            jcr:primaryType="nt:unstructured"
            sling:resourceType="granite/ui/components/foundation/layouts/tabs"
            type="nav"/>
        <items jcr:primaryType="nt:unstructured">
            <tab1
                jcr:primaryType="nt:unstructured"
                jcr:title="Component Configurations"
                sling:resourceType="granite/ui/components/foundation/container">
                <layout
                    jcr:primaryType="nt:unstructured"
                    sling:resourceType="granite/ui/components/foundation/layouts/fixedcolumns"/>
                <items jcr:primaryType="nt:unstructured">
                    <columns
                        jcr:primaryType="nt:unstructured"
                        sling:resourceType="granite/ui/components/foundation/container">
                        <items jcr:primaryType="nt:unstructured">
                            <columntype
                                jcr:primaryType="nt:unstructured"
                                sling:resourceType="granite/ui/components/foundation/form/select"
                                fieldDescription="Select the number of columns"
                                fieldLabel="Column Type"
                                name="./columnType">
                                <items jcr:primaryType="nt:unstructured">
                                    <blank
                                        jcr:primaryType="nt:unstructured"
                                        selected="{Boolean}true"
                                        text="Select Column"/>
                                    <onecolumn
                                        jcr:primaryType="nt:unstructured"
                                        text="One Column (100%)"
                                        value="onecolumn"/>
                                    <twocolumn
                                        jcr:primaryType="nt:unstructured"
                                        text="Two Column (50%,50%)"
                                        value="twocolumn"/>
                                    <threecolumn
                                        jcr:primaryType="nt:unstructured"
                                        text="Three Column (33%,33%,33%)"
                                        value="threecolumn"/>
                                </items>
                            </columntype>
                        </items>
                    </columns>
                </items>
            </tab1>
        </items>
    </content>
</jcr:root>
