<?xml version="1.0" encoding="UTF-8"?>
<jcr:root xmlns:sling="http://sling.apache.org/jcr/sling/1.0" xmlns:jcr="http://www.jcp.org/jcr/1.0" xmlns:nt="http://www.jcp.org/jcr/nt/1.0"
    jcr:primaryType="sling:OrderedFolder">
    <jcr:content jcr:primaryType="nt:unstructured"/>
    <annotation-check.svg/>
    <annotation-insert.svg/>
    <annotation-help.svg/>
    <annotation-comment.svg/>
    <annotation-newparagraph.svg/>
    <annotation-key.svg/>
    <annotation-noicon.svg/>
    <annotation-note.svg/>
    <annotation-paragraph.svg/>
    <findbarButton-next.png/>
    <findbarButton-next_x0040_2x.png/>
    <findbarButton-next-rtl.png/>
    <findbarButton-next-rtl_x0040_2x.png/>
    <findbarButton-previous.png/>
    <findbarButton-previous_x0040_2x.png/>
    <findbarButton-previous-rtl.png/>
    <findbarButton-previous-rtl_x0040_2x.png/>
    <grab.cur/>
    <grabbing.cur/>
    <loading-icon.gif/>
    <loading-small.png/>
    <loading-small_x0040_2x.png/>
    <secondaryToolbarButton-documentProperties.png/>
    <secondaryToolbarButton-documentProperties_x0040_2x.png/>
    <secondaryToolbarButton-firstPage.png/>
    <secondaryToolbarButton-firstPage_x0040_2x.png/>
    <secondaryToolbarButton-handTool.png/>
    <secondaryToolbarButton-handTool_x0040_2x.png/>
    <secondaryToolbarButton-lastPage.png/>
    <secondaryToolbarButton-lastPage_x0040_2x.png/>
    <secondaryToolbarButton-rotateCcw.png/>
    <secondaryToolbarButton-rotateCcw_x0040_2x.png/>
    <secondaryToolbarButton-rotateCw.png/>
    <secondaryToolbarButton-rotateCw_x0040_2x.png/>
    <secondaryToolbarButton-scrollHorizontal.png/>
    <secondaryToolbarButton-scrollHorizontal_x0040_2x.png/>
    <secondaryToolbarButton-scrollVertical.png/>
    <secondaryToolbarButton-scrollVertical_x0040_2x.png/>
    <secondaryToolbarButton-scrollWrapped.png/>
    <secondaryToolbarButton-scrollWrapped_x0040_2x.png/>
    <secondaryToolbarButton-selectTool.png/>
    <secondaryToolbarButton-selectTool_x0040_2x.png/>
    <secondaryToolbarButton-spreadEven.png/>
    <secondaryToolbarButton-spreadEven_x0040_2x.png/>
    <secondaryToolbarButton-spreadNone.png/>
    <secondaryToolbarButton-spreadNone_x0040_2x.png/>
    <secondaryToolbarButton-spreadOdd.png/>
    <secondaryToolbarButton-spreadOdd_x0040_2x.png/>
    <shadow.png/>
    <texture.png/>
    <toolbarButton-bookmark.png/>
    <toolbarButton-bookmark_x0040_2x.png/>
    <toolbarButton-download.png/>
    <toolbarButton-download_x0040_2x.png/>
    <toolbarButton-menuArrows.png/>
    <toolbarButton-menuArrows_x0040_2x.png/>
    <toolbarButton-openFile.png/>
    <toolbarButton-openFile_x0040_2x.png/>
    <toolbarButton-pageDown.png/>
    <toolbarButton-pageDown_x0040_2x.png/>
    <toolbarButton-pageDown-rtl.png/>
    <toolbarButton-pageDown-rtl_x0040_2x.png/>
    <toolbarButton-pageUp.png/>
    <toolbarButton-pageUp_x0040_2x.png/>
    <toolbarButton-pageUp-rtl.png/>
    <toolbarButton-pageUp-rtl_x0040_2x.png/>
    <toolbarButton-presentationMode.png/>
    <toolbarButton-presentationMode_x0040_2x.png/>
    <toolbarButton-print.png/>
    <toolbarButton-print_x0040_2x.png/>
    <toolbarButton-search.png/>
    <toolbarButton-search_x0040_2x.png/>
    <toolbarButton-secondaryToolbarToggle.png/>
    <toolbarButton-secondaryToolbarToggle_x0040_2x.png/>
    <toolbarButton-secondaryToolbarToggle-rtl.png/>
    <toolbarButton-secondaryToolbarToggle-rtl_x0040_2x.png/>
    <toolbarButton-sidebarToggle.png/>
    <toolbarButton-sidebarToggle_x0040_2x.png/>
    <toolbarButton-sidebarToggle-rtl.png/>
    <toolbarButton-sidebarToggle-rtl_x0040_2x.png/>
    <toolbarButton-viewAttachments.png/>
    <toolbarButton-viewAttachments_x0040_2x.png/>
    <toolbarButton-viewOutline.png/>
    <toolbarButton-viewOutline_x0040_2x.png/>
    <toolbarButton-viewOutline-rtl.png/>
    <toolbarButton-viewOutline-rtl_x0040_2x.png/>
    <toolbarButton-viewThumbnail.png/>
    <toolbarButton-viewThumbnail_x0040_2x.png/>
    <toolbarButton-zoomIn.png/>
    <toolbarButton-zoomIn_x0040_2x.png/>
    <toolbarButton-zoomOut.png/>
    <toolbarButton-zoomOut_x0040_2x.png/>
    <treeitem-collapsed.png/>
    <treeitem-collapsed_x0040_2x.png/>
    <treeitem-collapsed-rtl.png/>
    <treeitem-collapsed-rtl_x0040_2x.png/>
    <treeitem-expanded.png/>
    <treeitem-expanded_x0040_2x.png/>
</jcr:root>
