<?xml version="1.0" encoding="UTF-8"?>
<jcr:root xmlns:sling="http://sling.apache.org/jcr/sling/1.0" xmlns:cq="http://www.day.com/jcr/cq/1.0" xmlns:jcr="http://www.jcp.org/jcr/1.0" xmlns:nt="http://www.jcp.org/jcr/nt/1.0"
    jcr:primaryType="nt:unstructured"
    jcr:title="Promo Code Component Dialog"
    sling:resourceType="cq/gui/components/authoring/dialog">
    <content
        jcr:primaryType="nt:unstructured"
        sling:resourceType="granite/ui/components/foundation/container">
        <layout
            jcr:primaryType="nt:unstructured"
            sling:resourceType="granite/ui/components/foundation/layouts/fixedcolumns"/>
        <items jcr:primaryType="nt:unstructured">
            <column
                jcr:primaryType="nt:unstructured"
                sling:resourceType="granite/ui/components/foundation/container">
                <items jcr:primaryType="nt:unstructured">
                    <hidecontent
                        jcr:primaryType="nt:unstructured"
                        sling:resourceType="granite/ui/components/foundation/form/checkbox"
                        name="./hideContent"
                        text="Hide Content"
                        value="true"/>
                    <radioGroup
                        jcr:primaryType="nt:unstructured"
                        sling:resourceType="granite/ui/components/foundation/form/radiogroup"
                        name="./type"
                        text="Promo Source"
                        validation="promoradiogroup.validation">
                        <items jcr:primaryType="nt:unstructured">
                            <staticButton
                                jcr:primaryType="nt:unstructured"
                                sling:resourceType="granite/ui/components/foundation/form/radio"
                                cq-msm-lockable="buttonCTA"
                                id="promostatic"
                                name="./buttonCTA"
                                text="Static"
                                value="static"/>
                            <dynamicButton
                                jcr:primaryType="nt:unstructured"
                                sling:resourceType="granite/ui/components/foundation/form/radio"
                                cq-msm-lockable="buttonCTA"
                                id="promodynamic"
                                name="./buttonCTA"
                                text="Dynamic"
                                value="dynamic"/>
                        </items>
                    </radioGroup>
                    <alignment
                        jcr:primaryType="nt:unstructured"
                        sling:resourceType="granite/ui/components/foundation/form/select"
                        fieldDescription="Provide dropdown alignment type"
                        fieldLabel="Promo Code Box Alignment"
                        name="./alignment">
                        <items jcr:primaryType="nt:unstructured">
                            <left
                                jcr:primaryType="nt:unstructured"
                                text="Left"
                                value="left"/>
                            <right
                                jcr:primaryType="nt:unstructured"
                                text="Right"
                                value="right"/>
                            <center
                                jcr:primaryType="nt:unstructured"
                                text="Center"
                                value="center"/>
                        </items>
                    </alignment>
                    <promoText
                        jcr:primaryType="nt:unstructured"
                        sling:resourceType="granite/ui/components/foundation/form/textfield"
                        fieldLabel="Promo Code Text or CTA Button Text"
                        id="promotext"
                        maxlength="{Long}12"
                        name="./promoText"
                        validation="promotext.validation"/>
                    <fieldType
                        jcr:primaryType="nt:unstructured"
                        sling:resourceType="granite/ui/components/foundation/form/select"
                        fieldDescription="Provide dropdown Field Type"
                        fieldLabel="Dynamic Category"
                        id="promofieldtype"
                        name="./fieldType"
                        validation="promodropdownField.validation"/>
                    <fieldValue
                        jcr:primaryType="nt:unstructured"
                        sling:resourceType="granite/ui/components/foundation/form/select"
                        fieldDescription="Provide dropdown Field Value"
                        fieldLabel="Dynamic Field Type"
                        id="promofieldvalue"
                        name="./fieldValue"/>
                </items>
            </column>
        </items>
    </content>
</jcr:root>
