<?xml version="1.0" encoding="UTF-8"?>
<jcr:root xmlns:sling="http://sling.apache.org/jcr/sling/1.0" xmlns:cq="http://www.day.com/jcr/cq/1.0" xmlns:jcr="http://www.jcp.org/jcr/1.0" xmlns:nt="http://www.jcp.org/jcr/nt/1.0"
    jcr:primaryType="nt:unstructured"
    jcr:title="CTA Button Component Dialog"
    sling:resourceType="cq/gui/components/authoring/dialog">
    <content
        jcr:primaryType="nt:unstructured"
        sling:resourceType="granite/ui/components/foundation/container">
        <layout
            jcr:primaryType="nt:unstructured"
            sling:resourceType="granite/ui/components/foundation/layouts/fixedcolumns"/>
        <items jcr:primaryType="nt:unstructured">
            <column
                jcr:primaryType="nt:unstructured"
                sling:resourceType="granite/ui/components/foundation/container">
                <items jcr:primaryType="nt:unstructured">
                    <hidecontent
                        jcr:primaryType="nt:unstructured"
                        sling:resourceType="granite/ui/components/foundation/form/checkbox"
                        name="./hideContent"
                        text="Hide Content"
                        value="true"/>
                    <alignment
                        jcr:primaryType="nt:unstructured"
                        sling:resourceType="granite/ui/components/foundation/form/select"
                        fieldDescription="Provide dropdown alignment type"
                        fieldLabel="CTA Button Alignment"
                        name="./alignment">
                        <items jcr:primaryType="nt:unstructured">
                            <left
                                jcr:primaryType="nt:unstructured"
                                text="Left"
                                value="left"/>
                            <right
                                jcr:primaryType="nt:unstructured"
                                text="Right"
                                value="right"/>
                            <center
                                jcr:primaryType="nt:unstructured"
                                text="Center"
                                value="center"/>
                        </items>
                    </alignment>
                    <ctabtn
                        jcr:primaryType="nt:unstructured"
                        sling:resourceType="granite/ui/components/foundation/form/select"
                        class="cq-dialog-dropdown-showhide"
                        cq-dialog-dropdown-showhide-target=".static-dynamic-hide-show"
                        fieldDescription="Select the CTA Type"
                        fieldLabel="CTA Source"
                        name="./buttonCTA"
                        validation="ctadropdown.validation">
                        <items jcr:primaryType="nt:unstructured">
                            <static
                                jcr:primaryType="nt:unstructured"
                                selected="{Boolean}true"
                                text="Static"
                                value="static"/>
                            <dynamic
                                jcr:primaryType="nt:unstructured"
                                text="Dynamic"
                                value="dynamic"/>
                        </items>
                    </ctabtn>
                    <static
                        jcr:primaryType="nt:unstructured"
                        sling:resourceType="granite/ui/components/foundation/form/fieldset"
                        class="hide static-dynamic-hide-show"
                        showhidetargetvalue="static">
                        <items jcr:primaryType="nt:unstructured">
                            <field
                                jcr:primaryType="nt:unstructured"
                                sling:resourceType="granite/ui/components/foundation/form/pathbrowser"
                                class="sparkappendhtml-pathbrowser"
                                fieldLabel="CTA URL"
                                name="./ctaStaticLink"
                                required="{Boolean}false"
                                rootPath="/content/pedemo/en"
                                validation="ctastaticurl.valiodation"/>
                            <btnTxt
                                jcr:primaryType="nt:unstructured"
                                sling:resourceType="granite/ui/components/foundation/form/textfield"
                                emptyText="Enter Label"
                                fieldDescription="Button Label"
                                fieldLabel="Button Label"
                                maxlength="{Long}20"
                                name="./ctaBtnTxt"
                                validation="ctastatictext.validation"/>
                        </items>
                    </static>
                    <dynamic
                        jcr:primaryType="nt:unstructured"
                        sling:resourceType="granite/ui/components/foundation/form/fieldset"
                        class="hide static-dynamic-hide-show"
                        showhidetargetvalue="dynamic">
                        <items jcr:primaryType="nt:unstructured">
                            <fieldType
                                jcr:primaryType="nt:unstructured"
                                sling:resourceType="granite/ui/components/foundation/form/select"
                                fieldLabel="Dynamic Category"
                                name="./fieldType"
                                validation="ctadropdownField.validation"/>
                            <fieldName
                                jcr:primaryType="nt:unstructured"
                                sling:resourceType="granite/ui/components/foundation/form/select"
                                fieldLabel="Dynamic Field Type"
                                multiple="{Boolean}false"
                                name="./fieldValue"/>
                            <btnTxt
                                jcr:primaryType="nt:unstructured"
                                sling:resourceType="granite/ui/components/foundation/form/textfield"
                                emptyText="Enter Label"
                                fieldDescription="Button Label"
                                fieldLabel="Button Label"
                                id="ctadynamictext"
                                maxlength="{Long}20"
                                name="./ctaBtnTxtDynamic"
                                validation="ctastatictextdynamic.validation"/>
                        </items>
                    </dynamic>
                    <newWindow
                        jcr:primaryType="nt:unstructured"
                        sling:resourceType="granite/ui/components/foundation/form/checkbox"
                        name="./newWindow"
                        text="Open in new window"
                        value="true"/>
                </items>
            </column>
        </items>
    </content>
</jcr:root>
