<?xml version="1.0" encoding="UTF-8"?>
<jcr:root xmlns:cq="http://www.day.com/jcr/cq/1.0" xmlns:jcr="http://www.jcp.org/jcr/1.0" xmlns:nt="http://www.jcp.org/jcr/nt/1.0" xmlns:rep="internal"
    jcr:primaryType="cq:EditConfig">
    <cq:listeners
        jcr:primaryType="cq:EditListenersConfig"
        afterdelete="REFRESH_PAGE"
        afteredit="REFRESH_PAGE"
        afterinsert="REFRESH_PAGE"/>
    <cq:inplaceEditing
        jcr:primaryType="cq:InplaceEditingConfig"
        active="{Boolean}true"
        editorType="text">
        <config jcr:primaryType="nt:unstructured">
            <rtePlugins jcr:primaryType="nt:unstructured">
                <paraformat
                    jcr:primaryType="nt:unstructured"
                    features="*">
                    <formats jcr:primaryType="cq:WidgetCollection">
                        <paragraph
                            jcr:primaryType="nt:unstructured"
                            description="p"
                            tag="p"/>
                        <h1
                            jcr:primaryType="nt:unstructured"
                            description="h1"
                            tag="h1"/>
                        <h2
                            jcr:primaryType="nt:unstructured"
                            description="h2"
                            tag="h2"/>
                        <h3
                            jcr:primaryType="nt:unstructured"
                            description="h3"
                            tag="h3"/>
                        <h4
                            jcr:primaryType="nt:unstructured"
                            description="h4"
                            tag="h4"/>
                        <h5
                            jcr:primaryType="nt:unstructured"
                            description="h5"
                            tag="h5"/>
                        <h6
                            jcr:primaryType="nt:unstructured"
                            description="h6"
                            tag="h6"/>
                    </formats>
                </paraformat>
                <edit
                    jcr:primaryType="nt:unstructured"
                    features="[cut,copy,paste-plaintext]"/>
                <findreplace
                    jcr:mixinTypes="[rep:AccessControllable]"
                    jcr:primaryType="nt:unstructured"
                    features="*"/>
                <format
                    jcr:primaryType="nt:unstructured"
                    features="[bold,italic]"/>
                <spellcheck
                    jcr:primaryType="nt:unstructured"
                    features="*"/>
                <subsuperscript
                    jcr:primaryType="nt:unstructured"
                    features="*"/>
                <table
                    jcr:primaryType="nt:unstructured"
                    features=""/>
                <undo
                    jcr:primaryType="nt:unstructured"
                    features="*"/>
                <lists
                    jcr:mixinTypes="[rep:AccessControllable]"
                    jcr:primaryType="nt:unstructured"
                    features="*"/>
                <justify
                    jcr:primaryType="nt:unstructured"
                    features="*"/>
                <links
                    jcr:primaryType="nt:unstructured"
                    features="*"/>
                <styles
                    jcr:mixinTypes="[rep:AccessControllable]"
                    jcr:primaryType="nt:unstructured"
                    features="*">
                    <styles jcr:primaryType="cq:WidgetCollection">
                        <blue
                            jcr:primaryType="nt:unstructured"
                            cssName="fontInformationBlue"
                            text="Blue"/>
                        <red
                            jcr:primaryType="nt:unstructured"
                            cssName="fontErrorRed"
                            text="Red"/>
                    </styles>
                </styles>
                <misctools
                    jcr:primaryType="nt:unstructured"
                    features="*">
                    <specialCharsConfig jcr:primaryType="nt:unstructured">
                        <chars jcr:primaryType="nt:unstructured">
                            <less-equal-greater
                                jcr:primaryType="nt:unstructured"
                                rangeEnd="{Long}62"
                                rangeStart="{Long}60"/>
                            <curlyleft-tilde
                                jcr:primaryType="nt:unstructured"
                                rangeEnd="{Long}126"
                                rangeStart="{Long}123"/>
                            <currencies
                                jcr:primaryType="nt:unstructured"
                                rangeEnd="{Long}166"
                                rangeStart="{Long}162"/>
                            <diaeresis-copyright
                                jcr:primaryType="nt:unstructured"
                                rangeEnd="{Long}169"
                                rangeStart="{Long}168"/>
                            <degree-micro
                                jcr:primaryType="nt:unstructured"
                                rangeEnd="{Long}181"
                                rangeStart="{Long}176"/>
                            <bullet-superone
                                jcr:primaryType="nt:unstructured"
                                rangeEnd="{Long}185"
                                rangeStart="{Long}183"/>
                            <doubleright-capi
                                jcr:primaryType="nt:unstructured"
                                rangeEnd="{Long}207"
                                rangeStart="{Long}187"/>
                            <capn-capo
                                jcr:primaryType="nt:unstructured"
                                rangeEnd="{Long}214"
                                rangeStart="{Long}209"/>
                            <capostroke-capy
                                jcr:primaryType="nt:unstructured"
                                rangeEnd="{Long}221"
                                rangeStart="{Long}216"/>
                            <lowera-loweri
                                jcr:primaryType="nt:unstructured"
                                rangeEnd="{Long}239"
                                rangeStart="{Long}224"/>
                            <lowern-lowery
                                jcr:primaryType="nt:unstructured"
                                rangeEnd="{Long}253"
                                rangeStart="{Long}241"/>
                            <left-double-angle
                                jcr:primaryType="nt:unstructured"
                                entity="&amp;#171;"/>
                            <small-y-diaeresis
                                jcr:primaryType="nt:unstructured"
                                entity="&amp;#376;"/>
                            <registered
                                jcr:primaryType="nt:unstructured"
                                entity="&amp;#174;"/>
                            <capital-y-diaeresis
                                jcr:primaryType="nt:unstructured"
                                entity="&amp;#376;"/>
                            <ligature-oe
                                jcr:primaryType="nt:unstructured"
                                entity="&amp;#338;"/>
                            <small-o-stroke
                                jcr:primaryType="nt:unstructured"
                                entity="&amp;#248;"/>
                            <quote
                                jcr:primaryType="nt:unstructured"
                                entity="&amp;quot;"/>
                            <ampersand
                                jcr:primaryType="nt:unstructured"
                                entity="&amp;amp;"/>
                            <euro
                                jcr:primaryType="nt:unstructured"
                                entity="&amp;#8364;"/>
                            <bullet
                                jcr:primaryType="nt:unstructured"
                                entity="&amp;#8226;"/>
                            <small-circumflex
                                jcr:primaryType="nt:unstructured"
                                entity="&amp;#710;"/>
                            <em-dash
                                jcr:primaryType="nt:unstructured"
                                entity="&amp;#8212;"/>
                            <en-dash
                                jcr:primaryType="nt:unstructured"
                                entity="&amp;#8211;"/>
                            <small-i-diaeresis
                                jcr:primaryType="nt:unstructured"
                                entity="&amp;#239;"/>
                            <small-tilde
                                jcr:primaryType="nt:unstructured"
                                entity="&amp;#732;"/>
                            <trademark
                                jcr:primaryType="nt:unstructured"
                                entity="&amp;#8482;"/>
                            <circumflex
                                jcr:primaryType="nt:unstructured"
                                entity="^"/>
                            <dagger
                                jcr:primaryType="nt:unstructured"
                                entity="&amp;#8224;"/>
                            <double-dagger
                                jcr:primaryType="nt:unstructured"
                                entity="&amp;#8225;"/>
                            <per-mille
                                jcr:primaryType="nt:unstructured"
                                entity="&amp;#8240;"/>
                            <small-s-cedilla
                                jcr:primaryType="nt:unstructured"
                                entity="&amp;#351;"/>
                            <tall-i
                                jcr:primaryType="nt:unstructured"
                                entity="&amp;#304;"/>
                            <chinese-yuan-renminbi
                                jcr:primaryType="nt:unstructured"
                                entity="&amp;#165;"/>
                            <indian-rupee
                                jcr:primaryType="nt:unstructured"
                                entity="&amp;#8377;"/>
                            <korean-wan
                                jcr:primaryType="nt:unstructured"
                                entity="&amp;#8361;"/>
                            <thai-bat
                                jcr:primaryType="nt:unstructured"
                                entity="&amp;#3647;"/>
                            <netherlands-antilles
                                jcr:primaryType="nt:unstructured"
                                entity="&amp;#402;"/>
                            <taiwan-dollar-1
                                jcr:primaryType="nt:unstructured"
                                entity="&amp;#78;"/>
                            <taiwan-dollar-2
                                jcr:primaryType="nt:unstructured"
                                entity="&amp;#84;"/>
                            <taiwan-dollar-3
                                jcr:primaryType="nt:unstructured"
                                entity="&amp;#36;"/>
                            <poland-zloty-2
                                jcr:primaryType="nt:unstructured"
                                entity="&amp;#132;"/>
                            <poland-zloty-1
                                jcr:primaryType="nt:unstructured"
                                entity="&amp;#122;"/>
                            <phillipines-peso
                                jcr:primaryType="nt:unstructured"
                                entity="&amp;#8369;"/>
                            <russian-ruble-1
                                jcr:primaryType="nt:unstructured"
                                entity="&amp;#1088;"/>
                            <russian-ruble-2
                                jcr:primaryType="nt:unstructured"
                                entity="&amp;#1091;"/>
                            <russian-ruble-3
                                jcr:primaryType="nt:unstructured"
                                entity="&amp;#1073;"/>
                            <vietnam-dong
                                jcr:primaryType="nt:unstructured"
                                entity="&amp;#8363;"/>
                            <turkish-lira
                                jcr:primaryType="nt:unstructured"
                                entity="&amp;#8356;"/>
                            <isreal-shekel
                                jcr:primaryType="nt:unstructured"
                                entity="&amp;#8362;"/>
                        </chars>
                    </specialCharsConfig>
                </misctools>
            </rtePlugins>
            <htmlRules jcr:primaryType="nt:unstructured">
                <links
                    jcr:primaryType="nt:unstructured"
                    protocols="[http://,https://,mailto:,javascript:]"/>
            </htmlRules>
        </config>
    </cq:inplaceEditing>
</jcr:root>
