<?xml version="1.0" encoding="UTF-8"?>
<jcr:root xmlns:sling="http://sling.apache.org/jcr/sling/1.0" xmlns:cq="http://www.day.com/jcr/cq/1.0" xmlns:jcr="http://www.jcp.org/jcr/1.0" xmlns:nt="http://www.jcp.org/jcr/nt/1.0"
    jcr:primaryType="nt:unstructured"
    jcr:title="Site Header Config"
    sling:resourceType="cq/gui/components/authoring/dialog">
    <content
        jcr:primaryType="nt:unstructured"
        sling:resourceType="granite/ui/components/foundation/container">
        <layout
            jcr:primaryType="nt:unstructured"
            sling:resourceType="granite/ui/components/foundation/layouts/tabs"
            type="nav"/>
        <items jcr:primaryType="nt:unstructured">
            <logoTab
                jcr:primaryType="nt:unstructured"
                jcr:title="Delta Logo "
                sling:resourceType="granite/ui/components/foundation/container">
                <layout
                    jcr:primaryType="nt:unstructured"
                    sling:resourceType="granite/ui/components/foundation/layouts/fixedcolumns"/>
                <items jcr:primaryType="nt:unstructured">
                    <columns
                        jcr:primaryType="nt:unstructured"
                        sling:resourceType="granite/ui/components/foundation/container">
                        <items jcr:primaryType="nt:unstructured">
                            <deltaLogo
                                jcr:primaryType="nt:unstructured"
                                jcr:title="Delta Logo"
                                sling:resourceType="granite/ui/components/foundation/form/fieldset"
                                title="Delta Logo">
                                <items jcr:primaryType="nt:unstructured">
                                    <field
                                        jcr:primaryType="nt:unstructured"
                                        sling:resourceType="granite/ui/components/foundation/form/pathbrowser"
                                        emptyText="Image Items"
                                        name="./logoImg"
                                        required="{Boolean}false"
                                        rootPath="/content/dam"/>
                                </items>
                            </deltaLogo>
                            <logoDetails
                                jcr:primaryType="nt:unstructured"
                                jcr:title="Delta Logo Details"
                                sling:resourceType="granite/ui/components/foundation/form/fieldset"
                                title="Delta Logo Details">
                                <items jcr:primaryType="nt:unstructured">
                                    <altText
                                        jcr:primaryType="nt:unstructured"
                                        sling:resourceType="granite/ui/components/foundation/form/textfield"
                                        fieldDescription="Provide alt text for Logo"
                                        fieldLabel="Alt Text"
                                        name="./logoAltText"
                                        required="{Boolean}true"/>
                                    <sideText
                                        jcr:primaryType="nt:unstructured"
                                        sling:resourceType="granite/ui/components/foundation/form/textfield"
                                        fieldDescription="Provide side text for Logo"
                                        fieldLabel="Logo Side Text"
                                        name="./logoSideText"/>
                                </items>
                            </logoDetails>
                        </items>
                    </columns>
                </items>
            </logoTab>
            <categoryTab
                jcr:primaryType="nt:unstructured"
                jcr:title="Category"
                sling:resourceType="granite/ui/components/foundation/container">
                <layout
                    jcr:primaryType="nt:unstructured"
                    sling:resourceType="granite/ui/components/foundation/layouts/fixedcolumns"/>
                <items jcr:primaryType="nt:unstructured">
                    <columns
                        jcr:primaryType="nt:unstructured"
                        sling:resourceType="granite/ui/components/foundation/container">
                        <items jcr:primaryType="nt:unstructured">
                            <category
                                jcr:primaryType="nt:unstructured"
                                sling:resourceType="/apps/personalizationdemo/components/content/header/multifield"
                                class="full-width"
                                fieldDescription="Click '+' to add a new Category"
                                fieldLabel="Category Details"
                                maxlinksallowed="4">
                                <field
                                    jcr:primaryType="nt:unstructured"
                                    sling:resourceType="granite/ui/components/foundation/form/fieldset"
                                    name="./items">
                                    <layout
                                        jcr:primaryType="nt:unstructured"
                                        sling:resourceType="granite/ui/components/foundation/layouts/fixedcolumns"
                                        method="absolute"/>
                                    <items jcr:primaryType="nt:unstructured">
                                        <column
                                            jcr:primaryType="nt:unstructured"
                                            sling:resourceType="granite/ui/components/foundation/container">
                                            <items jcr:primaryType="nt:unstructured">
                                                <categoryId
                                                    jcr:primaryType="nt:unstructured"
                                                    sling:resourceType="granite/ui/components/foundation/form/textfield"
                                                    class="full-width"
                                                    fieldLabel="Category Id"
                                                    name="./categoryID"
                                                    required="{Boolean}true"/>
                                                <categoryText
                                                    jcr:primaryType="nt:unstructured"
                                                    sling:resourceType="granite/ui/components/foundation/form/textfield"
                                                    class="full-width"
                                                    fieldLabel="Category Short Name"
                                                    name="./categoryName"
                                                    required="{Boolean}true"/>
                                                <pagePath
                                                    jcr:primaryType="nt:unstructured"
                                                    sling:resourceType="granite/ui/components/foundation/form/pathbrowser"
                                                    class="sparkappendhtml-pathbrowser"
                                                    fieldLabel="Page Path"
                                                    name="./categoryPath"/>
                                            </items>
                                        </column>
                                    </items>
                                </field>
                            </category>
                        </items>
                    </columns>
                </items>
            </categoryTab>
            <loginTab
                jcr:primaryType="nt:unstructured"
                jcr:title="Links/Login"
                sling:resourceType="granite/ui/components/foundation/container">
                <layout
                    jcr:primaryType="nt:unstructured"
                    sling:resourceType="granite/ui/components/foundation/layouts/fixedcolumns"/>
                <items jcr:primaryType="nt:unstructured">
                    <columns
                        jcr:primaryType="nt:unstructured"
                        sling:resourceType="granite/ui/components/foundation/container">
                        <items jcr:primaryType="nt:unstructured">
                            <showBookingLink
                                cq:lastReplicated="{Date}2017-06-11T01:42:19.934-04:00"
                                cq:lastReplicatedBy="admin"
                                cq:lastReplicationAction="Activate"
                                cq:showOnEdit="{Boolean}true"
                                jcr:mixinTypes="[cq:ReplicationStatus]"
                                jcr:primaryType="nt:unstructured"
                                sling:resourceType="granite/ui/components/foundation/form/checkbox"
                                name="./showBookingLink"
                                text="Show booking link on homepage"
                                value="{Boolean}true"/>
                            <bookingLink
                                jcr:primaryType="nt:unstructured"
                                sling:resourceType="/libs/granite/ui/components/coral/foundation/form/select"
                                fieldDescription="Select category for content page"
                                fieldLabel="Booking Link"
                                name="./bookingLink">
                                <datasource
                                    jcr:primaryType="nt:unstructured"
                                    sling:resourceType="/apps/personalizationdemo/components/content/datasource/bookingLinksList/mylist.html"/>
                            </bookingLink>
                            <bookingLinkLbl
                                jcr:primaryType="nt:unstructured"
                                sling:resourceType="granite/ui/components/foundation/form/textfield"
                                fieldDescription=""
                                fieldLabel="Booking link label"
                                maxlength="{Long}20"
                                name="./bookingLinkLbl"/>
                            <showLogin
                                cq:lastReplicated="{Date}2017-06-11T01:42:19.934-04:00"
                                cq:lastReplicatedBy="admin"
                                cq:lastReplicationAction="Activate"
                                cq:showOnEdit="{Boolean}true"
                                jcr:mixinTypes="[cq:ReplicationStatus]"
                                jcr:primaryType="nt:unstructured"
                                sling:resourceType="granite/ui/components/foundation/form/checkbox"
                                name="./showLoginLink"
                                text="Show login on homepage"
                                value="{Boolean}true"/>
                            <loginLbl
                                jcr:primaryType="nt:unstructured"
                                sling:resourceType="granite/ui/components/foundation/form/textfield"
                                fieldDescription=""
                                fieldLabel="Log in Label"
                                name="./loginLbl"/>
                            <loginURL
                                jcr:primaryType="nt:unstructured"
                                sling:resourceType="granite/ui/components/foundation/form/pathbrowser"
                                fieldDescription="Log in URL"
                                fieldLabel="Log in URL"
                                name="./loginUrl"/>
                        </items>
                    </columns>
                </items>
            </loginTab>
            <errorpageTab
                jcr:primaryType="nt:unstructured"
                jcr:title="Error Page Links"
                sling:resourceType="granite/ui/components/foundation/container">
                <layout
                    jcr:primaryType="nt:unstructured"
                    sling:resourceType="granite/ui/components/foundation/layouts/fixedcolumns"/>
                <items jcr:primaryType="nt:unstructured">
                    <columns
                        jcr:primaryType="nt:unstructured"
                        sling:resourceType="granite/ui/components/foundation/container">
                        <items jcr:primaryType="nt:unstructured">
                            <errorpage
                                jcr:primaryType="nt:unstructured"
                                sling:resourceType="granite/ui/components/foundation/form/pathbrowser"
                                class="sparkappendhtml-pathbrowser"
                                fieldDescription="PEDemo 404 Error page URL for valid demo id"
                                fieldLabel="PEDemo 404 Error page URL"
                                name="./errorpageUrl"
                                required="{Boolean}true"
                                rootPath="/content/pedemo/en"/>
                            <generalerrorpage
                                jcr:primaryType="nt:unstructured"
                                sling:resourceType="granite/ui/components/foundation/form/pathbrowser"
                                class="sparkappendhtml-pathbrowser"
                                fieldDescription="Generic Error Page URL for unrecognizable spark id"
                                fieldLabel="Generic Error Page URL"
                                name="./genericErrorPage"
                                required="{Boolean}true"
                                rootPath="/content/pedemo/en"/>
                            <deltacorporateurl
                                jcr:primaryType="nt:unstructured"
                                sling:resourceType="granite/ui/components/foundation/form/pathbrowser"
                                class="sparkappendhtml-pathbrowser"
                                fieldDescription="Delta Corporate Traveler redirect URL"
                                fieldLabel="Delta Corporate Traveler redirect URL"
                                name="./deltacorpURL"
                                required="{Boolean}true"
                                rootPath="/content"/>
                        </items>
                    </columns>
                </items>
            </errorpageTab>
        </items>
    </content>
</jcr:root>
