<?xml version="1.0" encoding="UTF-8"?>
<jcr:root xmlns:sling="http://sling.apache.org/jcr/sling/1.0" xmlns:cq="http://www.day.com/jcr/cq/1.0" xmlns:jcr="http://www.jcp.org/jcr/1.0" xmlns:nt="http://www.jcp.org/jcr/nt/1.0"
    jcr:primaryType="nt:unstructured"
    jcr:title="Site Footer Config"
    sling:resourceType="cq/gui/components/authoring/dialog">
    <content
        jcr:primaryType="nt:unstructured"
        sling:resourceType="granite/ui/components/foundation/container">
        <layout
            jcr:primaryType="nt:unstructured"
            sling:resourceType="granite/ui/components/foundation/layouts/tabs"
            type="nav"/>
        <items jcr:primaryType="nt:unstructured">
            <footerlinks
                jcr:primaryType="nt:unstructured"
                jcr:title="Site Footer Items"
                sling:resourceType="granite/ui/components/foundation/container">
                <layout
                    jcr:primaryType="nt:unstructured"
                    sling:resourceType="granite/ui/components/foundation/layouts/fixedcolumns"/>
                <items jcr:primaryType="nt:unstructured">
                    <columns
                        jcr:primaryType="nt:unstructured"
                        sling:resourceType="granite/ui/components/foundation/container">
                        <items jcr:primaryType="nt:unstructured">
                            <links
                                jcr:primaryType="nt:unstructured"
                                sling:resourceType="/apps/personalizationdemo/components/content/multifield"
                                class="full-width"
                                fieldDescription="Click '+' to add a new Links"
                                fieldLabel="Footer Links"
                                maxlinksallowed="4">
                                <field
                                    jcr:primaryType="nt:unstructured"
                                    sling:resourceType="granite/ui/components/foundation/form/fieldset"
                                    name="./footerlinks">
                                    <layout
                                        jcr:primaryType="nt:unstructured"
                                        sling:resourceType="granite/ui/components/foundation/layouts/fixedcolumns"
                                        method="absolute"/>
                                    <items jcr:primaryType="nt:unstructured">
                                        <column
                                            jcr:primaryType="nt:unstructured"
                                            sling:resourceType="granite/ui/components/foundation/container">
                                            <items jcr:primaryType="nt:unstructured">
                                                <linkLbl
                                                    jcr:primaryType="nt:unstructured"
                                                    sling:resourceType="granite/ui/components/foundation/form/textfield"
                                                    class="full-width"
                                                    fieldLabel="Link Label"
                                                    maxlength="{Long}30"
                                                    name="./categoryID"
                                                    required="{Boolean}true"/>
                                                <link
                                                    jcr:primaryType="nt:unstructured"
                                                    sling:resourceType="granite/ui/components/foundation/form/pathbrowser"
                                                    class="sparkappendhtml-pathbrowser"
                                                    fieldLabel="Link"
                                                    name="./categoryPath"/>
                                                <openNewtab
                                                    cq:lastReplicated="{Date}2017-06-11T01:42:19.934-04:00"
                                                    cq:lastReplicatedBy="admin"
                                                    cq:lastReplicationAction="Activate"
                                                    cq:showOnEdit="{Boolean}true"
                                                    jcr:mixinTypes="[cq:ReplicationStatus]"
                                                    jcr:primaryType="nt:unstructured"
                                                    sling:resourceType="granite/ui/components/foundation/form/checkbox"
                                                    name="./openNewTab"
                                                    text="Open in New Tab"
                                                    value="{Boolean}true"/>
                                            </items>
                                        </column>
                                    </items>
                                </field>
                            </links>
                            <feedbackLabel
                                jcr:primaryType="nt:unstructured"
                                sling:resourceType="granite/ui/components/foundation/form/textfield"
                                class="full-width"
                                fieldLabel="Feedback Label Text"
                                name="./feedbackLabel"/>
                        </items>
                    </columns>
                </items>
            </footerlinks>
            <faqs
                jcr:primaryType="nt:unstructured"
                jcr:title="FAQs"
                sling:resourceType="granite/ui/components/foundation/container">
                <layout
                    jcr:primaryType="nt:unstructured"
                    sling:resourceType="granite/ui/components/foundation/layouts/fixedcolumns"/>
                <items jcr:primaryType="nt:unstructured">
                    <columns
                        jcr:primaryType="nt:unstructured"
                        sling:resourceType="granite/ui/components/foundation/container">
                        <items jcr:primaryType="nt:unstructured">
                            <showFAQs
                                cq:lastReplicated="{Date}2017-06-11T01:42:19.934-04:00"
                                cq:lastReplicatedBy="admin"
                                cq:lastReplicationAction="Activate"
                                cq:showOnEdit="{Boolean}true"
                                jcr:mixinTypes="[cq:ReplicationStatus]"
                                jcr:primaryType="nt:unstructured"
                                sling:resourceType="granite/ui/components/foundation/form/checkbox"
                                name="./showFAQs"
                                text="Show FAQs in footer"
                                value="{Boolean}true"/>
                            <faqlinkLbl
                                jcr:primaryType="nt:unstructured"
                                sling:resourceType="granite/ui/components/foundation/form/textfield"
                                class="full-width"
                                fieldLabel="FAQ Link Label"
                                name="./faqLinkLbl"
                                required="{Boolean}true"/>
                            <faqHeader
                                jcr:primaryType="nt:unstructured"
                                sling:resourceType="granite/ui/components/foundation/form/textfield"
                                class="full-width"
                                fieldLabel="FAQ Header"
                                name="./faqHeader"
                                required="{Boolean}true"/>
                            <faqPagePath
                                jcr:primaryType="nt:unstructured"
                                sling:resourceType="granite/ui/components/foundation/form/pathbrowser"
                                fieldLabel="FAQ Page Path"
                                name="./faqPagePath"
                                rootPath="/content/pedemo/en"/>
                            <faqQuestionCount
                                jcr:primaryType="nt:unstructured"
                                sling:resourceType="granite/ui/components/foundation/form/numberfield"
                                class="full-width"
                                defaultValue="0"
                                fieldLabel="FAQ Questions Count "
                                max="{Long}20"
                                min="{Long}0"
                                name="./faqListCount"
                                required="{Boolean}true"/>
                            <targtedFaq
                                cq:lastReplicated="{Date}2017-06-11T01:42:19.934-04:00"
                                cq:lastReplicatedBy="admin"
                                cq:lastReplicationAction="Activate"
                                cq:showOnEdit="{Boolean}true"
                                jcr:mixinTypes="[cq:ReplicationStatus]"
                                jcr:primaryType="nt:unstructured"
                                sling:resourceType="granite/ui/components/foundation/form/checkbox"
                                name="./targetedFAQs"
                                text="Open Footer Question In New Tab "
                                value="{Boolean}true"/>
                        </items>
                    </columns>
                </items>
            </faqs>
            <copyRights
                jcr:primaryType="nt:unstructured"
                jcr:title="Copyright"
                sling:resourceType="granite/ui/components/foundation/container">
                <layout
                    jcr:primaryType="nt:unstructured"
                    sling:resourceType="granite/ui/components/foundation/layouts/fixedcolumns"/>
                <items jcr:primaryType="nt:unstructured">
                    <columns
                        jcr:primaryType="nt:unstructured"
                        sling:resourceType="granite/ui/components/foundation/container">
                        <items jcr:primaryType="nt:unstructured">
                            <showCopyRight
                                cq:lastReplicated="{Date}2017-06-11T01:42:19.934-04:00"
                                cq:lastReplicatedBy="admin"
                                cq:lastReplicationAction="Activate"
                                cq:showOnEdit="{Boolean}true"
                                jcr:mixinTypes="[cq:ReplicationStatus]"
                                jcr:primaryType="nt:unstructured"
                                sling:resourceType="granite/ui/components/foundation/form/checkbox"
                                name="./showCopyRight"
                                text="Show Copy Right"
                                value="{Boolean}true"/>
                            <copyrightText
                                jcr:primaryType="nt:unstructured"
                                sling:resourceType="granite/ui/components/foundation/form/textfield"
                                fieldDescription="Don't add the © symbol in front of the copyright text, it's already included."
                                fieldLabel="Copyright Text"
                                name="./copyrightText"/>
                        </items>
                    </columns>
                </items>
            </copyRights>
            <cookies
                jcr:primaryType="nt:unstructured"
                jcr:title="Cookies"
                sling:resourceType="granite/ui/components/foundation/container">
                <layout
                    jcr:primaryType="nt:unstructured"
                    sling:resourceType="granite/ui/components/foundation/layouts/fixedcolumns"/>
                <items jcr:primaryType="nt:unstructured">
                    <columns
                        jcr:primaryType="nt:unstructured"
                        sling:resourceType="granite/ui/components/foundation/container">
                        <items jcr:primaryType="nt:unstructured">
                            <text
                                jcr:primaryType="nt:unstructured"
                                sling:resourceType="cq/gui/components/authoring/dialog/richtext"
                                fieldLabel="Text"
                                hideLabel="{Boolean}true"
                                name="./text"
                                useFixedInlineToolbar="{Boolean}true">
                                <rtePlugins jcr:primaryType="nt:unstructured">
                                    <paraformat
                                        jcr:primaryType="nt:unstructured"
                                        features="*">
                                        <formats jcr:primaryType="cq:WidgetCollection">
                                            <paragraph
                                                jcr:primaryType="nt:unstructured"
                                                description="Paragraph"
                                                tag="p"/>
                                            <h1
                                                jcr:primaryType="nt:unstructured"
                                                description="Heading 1"
                                                tag="h1"/>
                                            <h2
                                                jcr:primaryType="nt:unstructured"
                                                description="Heading 2"
                                                tag="h2"/>
                                            <h3
                                                jcr:primaryType="nt:unstructured"
                                                description="Heading 3"
                                                tag="h3"/>
                                            <h4
                                                jcr:primaryType="nt:unstructured"
                                                description="Heading 4"
                                                tag="h4"/>
                                            <h5
                                                jcr:primaryType="nt:unstructured"
                                                description="Heading 5"
                                                tag="h5"/>
                                            <h6
                                                jcr:primaryType="nt:unstructured"
                                                description="Heading 6"
                                                tag="h6"/>
                                        </formats>
                                    </paraformat>
                                    <justify
                                        jcr:primaryType="nt:unstructured"
                                        features="*"/>
                                    <lists
                                        jcr:primaryType="nt:unstructured"
                                        features="*"/>
                                    <links
                                        jcr:primaryType="nt:unstructured"
                                        features="*"/>
                                    <subsuperscript
                                        jcr:primaryType="nt:unstructured"
                                        features="*"/>
                                    <misctools
                                        jcr:primaryType="nt:unstructured"
                                        features="*">
                                        <specialCharsConfig jcr:primaryType="nt:unstructured">
                                            <chars jcr:primaryType="nt:unstructured">
                                                <copyright
                                                    jcr:primaryType="nt:unstructured"
                                                    entity="&amp;#169;"/>
                                                <trademark
                                                    jcr:primaryType="nt:unstructured"
                                                    entity="&amp;#8482;"/>
                                                <registered
                                                    jcr:primaryType="nt:unstructured"
                                                    entity="&amp;#174;"/>
                                                <pound
                                                    jcr:primaryType="nt:unstructured"
                                                    entity="&amp;#163;"/>
                                                <dollar
                                                    jcr:primaryType="nt:unstructured"
                                                    entity="&amp;#36;"/>
                                                <servicemark
                                                    jcr:primaryType="nt:unstructured"
                                                    entity="&amp;#x2120;"/>
                                            </chars>
                                        </specialCharsConfig>
                                    </misctools>
                                    <styles
                                        jcr:primaryType="nt:unstructured"
                                        features="*">
                                        <styles jcr:primaryType="nt:unstructured">
                                            <smallText
                                                jcr:primaryType="nt:unstructured"
                                                cssName="small-text"
                                                text="Small Text"/>
                                            <responsiveprimaryCTA
                                                jcr:primaryType="nt:unstructured"
                                                cssName="rtebtn rtebtn-primary btn-danger btn-default btn col-lg-4 col-xl-3 col-sm-12"
                                                text="Responsive Primary CTA"/>
                                            <responsivesecondaryCTA
                                                jcr:primaryType="nt:unstructured"
                                                cssName="rtebtn rtebtn-secondary btn-danger btn-default btn col-lg-4 col-xl-3 col-sm-12"
                                                text="Responsive Secondary CTA"/>
                                            <cookiestext
                                                jcr:primaryType="nt:unstructured"
                                                cssName="cookie-text flex-grow-1"
                                                text="Cookies text style"/>
                                        </styles>
                                    </styles>
                                </rtePlugins>
                                <uiSettings jcr:primaryType="nt:unstructured">
                                    <cui jcr:primaryType="nt:unstructured">
                                        <inline
                                            jcr:primaryType="nt:unstructured"
                                            toolbar="[format#bold,format#italic,format#underline,#justify,#lists,subsuperscript#subscript,subsuperscript#superscript,links#modifylink,links#unlink,links#anchor,#image,findreplace#find,findreplace#replace,spellcheck#checktext,misctools#specialchars,#styles,#paraformat,table#table]">
                                            <popovers jcr:primaryType="nt:unstructured">
                                                <justify
                                                    jcr:primaryType="nt:unstructured"
                                                    items="[justify#justifyleft,justify#justifycenter,justify#justifyright]"
                                                    ref="justify"/>
                                                <lists
                                                    jcr:primaryType="nt:unstructured"
                                                    items="[lists#unordered,lists#ordered,lists#outdent,lists#indent]"
                                                    ref="lists"/>
                                                <paraformat
                                                    jcr:primaryType="nt:unstructured"
                                                    items="paraformat:getFormats:paraformat-pulldown"
                                                    ref="paraformat"/>
                                                <styles
                                                    jcr:primaryType="nt:unstructured"
                                                    items="styles:getStyles:styles-pulldown"
                                                    ref="styles"/>
                                            </popovers>
                                        </inline>
                                    </cui>
                                </uiSettings>
                            </text>
                            <cookieErrorPath
                                cq:lastReplicated="{Date}2018-10-09T09:29:23.319-04:00"
                                cq:lastReplicatedBy="001996468"
                                cq:lastReplicationAction="Activate"
                                jcr:mixinTypes="[cq:ReplicationStatus]"
                                jcr:primaryType="nt:unstructured"
                                sling:resourceType="granite/ui/components/foundation/form/pathbrowser"
                                class="sparkappendhtml-pathbrowser"
                                fieldDescription="Provide cookie Error Page "
                                fieldLabel="Cookie Error Page"
                                name="./cookieErrorPath"
                                required="{Boolean}true"
                                rootPath="/content/pedemo/en"/>
                        </items>
                    </columns>
                </items>
            </cookies>
        </items>
    </content>
</jcr:root>
